Year,Country Name,Population,GDP,Electric power consumption,Fossil fuel energy consumption,Renewable energy consumption,Fertilizer consumption,Temperature annual mean,Temperature std across months,Number of frost days,Number of hot days,Total CO2 emissions
1990,Canada,27691138,596075591360.9873,16190.70332176309,73.49513979,22.6,50.13300456885923,-0.003833333,1.639339340167929,235.06,0.02,440.5009
1991,Canada,28037420,6.12528E+11,16207.83938037095,72.17830581741872,22.7,52.59487478182896,0.5685,1.107186035256346,230.52,0.05,434.5525
1992,Canada,28371264,594387358318.8549,16192.75757,73.28896893543254,22.4,54.79428585276014,0.042416667,1.277590665949866,243.07,0,447.3182
1993,Canada,28684764,5.79054E+11,16347.17998725735,72.46221588,22.3,57.24302421507254,0.5317500000000001,0.9370860085925944,232.54,0,446.666
1994,Canada,29000663,579944346807.2643,16413.31441284635,71.57402455358219,22.2,58.17708080268208,0.5499166666666667,1.688456418267552,223.99,0.01,463.8858
1995,Canada,29302311,605961090061.2067,16561.86776531039,72.38105328999669,22.4,62.46180977864267,0.6835,1.233648957361858,228.7,0.16,475.9427
1996,Canada,29610218,630607994132.7466,16645.16620580098,73.07829498846944,22.1,65.66964612,0.0445,1.135729464558645,237.56,0.01,489.8681
1997,Canada,29905948,6.54987E+11,16677.48502739321,74.61333822656164,21.8,66.42785778687526,0.7260833333333334,1.345205031357261,232.53,0.02,505.6429
1998,Canada,30155173,6.34E+11,16456.94421981927,75.74162992957183,22,64.58612702669755,2.361916666666667,1.130343639366169,214.26,0.03,513.8479
1999,Canada,30401286,6.78412E+11,16701.69479014802,75.54351941594366,22.2,65.60241993,1.796083333333333,1.409383994181698,228.37,0,523.4446
2000,Canada,30685730,7.44773E+11,16844.47461409587,76.47575936497252,20.3,59.68585096775768,0.95025,1.429627348,233.54,0.02,543.1076
2001,Canada,31020855,7.38982E+11,16625.78288058147,76.52726586278253,19.8,60.42089967763993,1.85775,1.356801086195025,224.52,0.07,534.3756
2002,Canada,31359199,760649334098.0055,16912.19855,75.64270699269609,20.1,64.88235873445771,0.616,1.825928759,239.17,0.16,554.066
2003,Canada,31642461,8.95541E+11,16920.87097776624,76.90034029166526,19.7,66.66769277,1.164416666666667,1.365428104926152,226.65,0.08,573.6827
2004,Canada,31938807,1026690238278.248,16823.82814110746,75.96081831613087,20.4,62.11334451425568,0.11475,1.026905961695942,234.83,0,559.7484
2005,Canada,32242732,1173108598778.676,17852.89162221117,76.21881159242184,21.6,70.63817649434571,1.689833333333333,1.067396117766138,219.03,0.1,582.3075
2006,Canada,32571193,1319264809590.973,17468.56493712097,72.90413559050603,21.5,53.96828144489983,2.488333333333333,1.562884423820975,218.11,0.02,574.6974
2007,Canada,32888886,1.46882E+12,17525.89005,73.45770128477812,21.6,78.83548503240408,0.9348333333333332,1.162417296938678,225.51,0.16,594.6475
2008,Canada,33247298,1.55299E+12,17382.25464216671,75.97045571809757,21.6,73.55244900610627,0.7055000000000001,1.187931641,226.03,0.03,575.4179
2009,Canada,33630069,1374625142157.292,16317.77799801719,76.04636978611549,22.2,71.58433545134694,0.8833333333333334,1.313052254185728,231.16,0,542.7914
2010,Canada,34005902,1617343367486.259,16236.47565649045,76.64078275312879,21.4,79.65645978719452,3.10375,1.883062891718348,216.17,0.01,562.1099
2011,Canada,34339221,1793326630174.519,16607.19094355693,76.5825123,21.5,96.89352286442268,1.464166666666667,1.256916122455627,223.32,0.02,575.7827
2012,Canada,34713395,1828366481521.595,16119.56998155899,75.37327376969446,21.8,104.2245164384292,1.926166666666667,1.107449610090179,218.86,0.02,567.184
2013,Canada,35080992,1846597421834.983,16532.14367484249,73.89261974822902,22.2,96.49842522,0.8888333333333334,1.447388731090887,227.05,0,575.2149
2014,Canada,35434066,1805749878439.941,16486.87452351644,74.30729404,22.2,102.1508203618006,0.76225,1.430747306188856,226.33,0.01,580.3198
2015,Canada,35704498,1.55651E+12,15839.62894535025,73.51674296793082,22.3,104.3571391254375,1.357916666666667,1.214884868230548,222.42,0.03,574.3793
2016,Canada,36110803,1527994741907.425,15759.60523503174,73.90555225093811,22.1,99.27329353750324,2.1845,1.534166956364267,218.7,0,574.0983
2017,Canada,36545075,1649265644244.095,15477.32491997896,73.90986308517448,22.8,101.8203536835545,1.6495,1.360452223,221.17,0.02,591.893
2018,Canada,37072620,1725329192783.024,15569.54971081084,73.77738610134782,22.3,111.8118376841561,0.6525,1.484164832489976,241.25,0.11,612.5836
2019,Canada,37618495,1743725183672.521,15204.06385210254,73.86426714582014,22.4,106.7325605464707,1.2445,1.057019591429916,223.06,0.01,609.0758
2020,Canada,38028638,1655684730000.194,14763.74199885886,73.85050544411415,23.9,129.4886884,1.347833333333333,1.293104522285633,231.3,0.05,548.4454
2021,Canada,38239864,2022378748423.234,15003.71444835682,73.83071956,23.8,126.0618416581719,2.2045,1.818645443730031,219.78,0.56,561.7344
2022,Canada,38935934,2190411080134.319,14907.07786796639,73.84849738,23.366666666666664,117.0395869,1.34575,1.094705602,219.53,0.07,575.8352
2023,Canada,40083484,2173339670064.328,14459.89575157688,73.84324079747995,23.688888888888886,132.8405546381484,2.90475,2.045778911360332,212.16,0.06,567.0969
1990,China,1135185000,361560229445.5067,510.6198549135163,75.09675247292094,33.9,220.3045234248788,0.8351666666666667,0.7525248427054677,154.15,4.7,2414.2762
1991,China,1150780000,384510452961.6725,548.9537531065886,74.45463613,33.1,237.5103103103103,0.4291666666666667,0.3877341944625925,156.77,4.49,2550.1985
1992,China,1164970000,428502354788.0691,604.6945414903388,75.03256120052593,32.8,237.6078112286412,0.1705833333333333,0.6552146541825478,162.48,4.16,2669.7881
1993,China,1178440000,446557291212.1476,662.6370455856895,76.03419109295163,31.5,206.7543281121187,0.20075,0.9229341006630248,160.61,1.94,2890.1814
1994,China,1191835000,5.6693E+11,727.1073596596844,76.56558192396297,31.1,238.9560894780447,0.8008333333333333,0.7735105939086347,154.38,5.03,3046.9201
1995,China,1204855000,738190896227.5504,770.2802411908486,77.88945087,29.4,297.5430674025757,0.5253333333333333,0.47217905,158.79,4.76,3365.775
1996,China,1217550000,868523936530.0826,821.0808591022956,78.69663462026172,30.5,301.5275810925179,0.239,0.3925648566373036,161.08,3.82,3340.2565
1997,China,1230075000,967753570434.6672,852.7406865435034,78.50886649824544,30,299.4533315692093,0.6966666666666667,0.5819377591766628,157.87,5.76,3437.3194
1998,China,1241935000,1037134141760.352,870.6172223183983,78.71810377326341,29.5,300.9925276903885,1.377166666666667,0.8925020852761197,149.5,5.26,3522.0334
1999,China,1252735000,1103843203575.635,913.9634479758288,79.20040880677239,30.3,306.1078337278094,1.159416666666667,0.8994275455656349,153.92,4.95,3447.7709
2000,China,1262645000,1223754919971.048,992.9433847201708,79.92246260601699,29.6,287.4484879032258,0.5555,0.620238865,158.11,5.4,3647.8773
2001,China,1271850000,1355036590251.524,1076.549121358651,80.83314585219725,28.4,295.4485261028693,0.9351666666666666,0.5014500362836649,153.23,5.71,3825.0579
2002,China,1280400000,1489821682050.541,1194.856294907841,81.92179284998467,27,333.5089292050844,1.152666666666667,1.180461798,151.62,5.74,4133.073
2003,China,1288400000,1683903309843.849,1379.484632101832,84.23097750252418,23.9,328.6582604,0.8994166666666668,0.6016494630504452,154.17,5.36,4773.1082
2004,China,1296075000,1984196551300.436,1585.838782477866,86.09237233291466,20.2,352.2643517379721,1.139,0.7603281089985646,153.51,5.1,5496.262
2005,China,1303720000,2317551298052.052,1782.312153,87.37099476,17.4,375.1049954969791,0.8753333333333333,0.745900388,155.03,6.08,6235.6852
2006,China,1311020000,2791498472804.329,2039.014660340803,88.28426537963281,16.4,374.7651380805872,1.3685,0.5231393217872272,150.63,6.2,6922.8741
2007,China,1317885000,3.60406E+12,2325.926769027647,89.30917398288543,14.9,385.3146357865108,1.60475,0.9441017,149.99,6.02,7522.0032
2008,China,1324655000,4667346414521.947,2446.369054584024,89.52115711800536,14.1,372.6581023148601,1.0385,0.97493363,154.5,5.62,7752.2237
2009,China,1331260000,5189577094997.582,2612.456620044169,90.16127127,13.4,383.9675873216207,1.22475,1.006748323812859,150.53,5.76,8319.1638
2010,China,1337705000,6.19256E+12,2943.589954,90.80662758145954,12.3,425.2393402939925,0.9783333333333334,0.7099810247855611,153.63,7.13,9106.0051
2011,China,1345035000,7671757207851.289,3295.784868051761,91.42473187813448,11.3,444.6498062015504,0.766,1.120361920690512,155.71,6.76,9955.7482
2012,China,1354190000,8673664713189.244,3466.020277804444,91.14921917962155,11.5,457.3332384424139,0.54325,0.7347631279308092,155.05,4.76,10270.741
2013,China,1363240000,9743124247267.244,3757.185088465714,91.00012191436451,11.5,458.5161554761573,1.212416666666667,0.546583854,151.95,7.13,10760.43
2014,China,1371860000,10674533168257.36,4006.168267899057,89.55484002130432,11.9,477.5792777183311,1.012166666666667,0.7515786533838107,150.87,4.73,10881.1042
2015,China,1379860000,11280814787468.91,4017.077819488934,71.06955889045516,12.2,465.6126796366004,1.443583333333333,0.7641736777213816,149.84,4.96,10749.8966
2016,China,1387790000,11456024084961.98,4237.545305845985,83.87484027537465,12.6,480.0550717484046,1.459583333333333,0.7866732123668351,148.15,6.81,10773.7258
2017,China,1396215000,12537559062282.92,4571.042425414424,81.49974639571137,13.1,460.4577548058835,1.4765,0.7701639976870728,148.09,7.24,10999.4188
2018,China,1402760000,14147765772963.76,4842.206792323705,78.81471519,13.5,442.5532465651757,1.278083333333333,0.9087964071904236,147.34,6.42,11527.5117
2019,China,1407745000,14560167101283.44,5082.387790402381,81.39643395275549,14.3,427.7508472335941,1.53025,0.5737883066369804,148.36,6.75,11813.0582
2020,China,1411100000,14996414166715.09,5261.941038905818,80.57029851188241,14.9,414.4914461337112,1.589166666666667,0.8549159640312932,149.26,5.15,11964.1285
2021,China,1412360000,18201698719563.96,5847.802260047013,80.26048255,15.2,406.2343321249942,1.84,1.018752177911782,146.81,6.37,12551.8645
2022,China,1412175000,18316765021690.16,6112.135535609963,80.74240500508134,14.800000000000002,395.1390323053101,1.753333333333333,1.055232781059337,146.48,10.45,12518.6844
2023,China,1410710000,18270356654533.21,6523.719261931935,80.52439535585661,14.966666666666669,394.0197422968981,2.009083333333333,0.8171663904751726,147.33,8.43,13021.242
1990,India,864972221,320979026420.0351,270.9046537114167,58.72196723849349,53,73.52302412225696,-0.038666667,0.6620526581943631,13.14,57.48,600.6812
1991,India,883927600,270105341879.2264,289.2612471881181,59.90357970288592,52,77.99931977791668,0.1385,0.3564885458655486,13.9,76.33,646.3805
1992,India,902957070,288208070278.0129,301.7186631032193,60.97755600135566,51.5,74.70166435165267,0.033166667,0.364410216,13.63,77.53,669.6564
1993,India,922118387,279295648982.5292,317.5991327456309,61.58776525234547,51.5,76.17673723444823,0.2008333333333333,0.3829640612671407,13.75,73.31,699.7472
1994,India,941163767,3.27275E+11,337.3291781216648,62.21298221330684,50.5,83.45589293954777,0.072833333,0.5414195590195175,12.99,70.76,743.8494
1995,India,960301044,360281909643.4891,354.3534625169063,64.11885885460104,49.5,85.70285527234098,0.266,0.5537522008985608,13.58,75.22,796.4452
1996,India,979678458,392896866204.5158,354.4458869789704,64.59502315325486,49.1,89.04232883092688,0.2386666666666667,0.4091247432697704,13.52,78.62,833.4883
1997,India,999133762,4.15868E+11,369.3969857061041,65.36867244125091,47.9,100.1725608133613,-0.0755,0.5560039718083556,13.78,64.48,877.681
1998,India,1018665080,421351317224.9413,379.5997404760355,65.54355820025913,48,104.0679516012118,0.6013333333333334,0.4149671339060748,12.94,73.93,900.5955
1999,India,1038225823,458821052615.7898,383.1295573544986,66.99997969547512,47.1,112.1710203,0.46025,0.5358935100994102,13.1,79.36,961.5943
2000,India,1057922733,468395521654.4579,384.9893638687883,67.25160049,46.9,103.7861181880321,0.3454166666666666,0.6200700845245014,13.17,74.61,996.8909
2001,India,1077898575,485440139204.1705,384.8182098209008,67.12901706864484,47.1,108.1821987,0.48625,0.6079869961602797,12.93,68.16,1012.998
2002,India,1097600380,514939140318.7556,401.9987675295812,67.93666427644597,45.8,100.3290553006881,0.8424999999999999,0.385495244,13.33,90.3,1051.0846
2003,India,1116803006,607700687237.3179,419.0551041550474,68.16546200360287,45.6,105.1772038623521,0.58825,0.2978347206645547,13.3,77.59,1083.014
2004,India,1135991513,709152728830.7745,441.6282993832543,69.01828735313458,44.9,115.2715100732085,0.58425,0.5828875141626098,13.37,83.61,1168.0565
2005,India,1154676322,820383763511.4454,458.8783799448171,69.34750849680626,44.2,127.6145919570507,0.48425,0.3870583773799502,13.53,81.16,1217.7273
2006,India,1172878890,940259888787.7214,500.4770782429207,70.04389071511903,43.2,136.4039215,0.7123333333333334,0.6798299215408382,12.81,76.77,1299.6787
2007,India,1190676021,1216736438834.955,533.1248709173425,70.95317495650336,41.5,142.8352254749339,0.5668333333333333,0.2752165309150032,12.77,77.23,1415.2655
2008,India,1207930964,1198895139005.919,555.1045713569439,71.43996710292139,39.4,153.3493908035065,0.3558333333333333,0.7318726930886881,12.88,69.09,1519.7704
2009,India,1225524753,1341888016994.898,588.3243061676454,75.57244496993198,37.4,167.4572959144905,1.088666666666667,0.3903484198621647,13.47,93.89,1621.1797
2010,India,1243481564,1675615519484.959,629.8959491449284,74.84569360819648,36.2,179.0358769242528,1.04475,0.6556287217879745,13.1,89.53,1730.0542
2011,India,1261224954,1823051829894.546,678.6037631792686,74.91097352691001,35,180.7482911727046,0.4038333333333333,0.4978031460549664,13.05,71.68,1845.6437
2012,India,1278674502,1827637590410.414,709.2923168338896,75.07474778885921,34.8,163.1220216,0.4900833333333334,0.37266662,13.4,87.77,2015.2876
2013,India,1295829511,1856721507621.576,743.8015509125104,74.98186720683603,34.9,156.4956980861917,0.3810833333333334,0.3710057183596441,13.02,69.48,2072.6256
2014,India,1312277191,2039126479154.517,808.2934057489078,75.78572873440874,33.9,163.4980794181372,0.4906666666666666,0.5649816122868268,13.53,88.04,2237.6647
2015,India,1328024498,2103588360044.939,841.0853878691024,75.28078124,33.4,171.0382129362649,0.7952499999999999,0.6743168302066915,13.2,80.77,2278.2296
2016,India,1343944296,2294796885663.163,879.9456967969452,75.34945906153759,33,166.0030578887773,1.079583333333333,0.4799099669613967,12.27,86.6,2311.9771
2017,India,1359657400,2651474262755.452,918.3136869626128,75.47198967977143,32.5,170.5692934346836,0.92525,0.3409386858366178,12.66,87.2,2441.2015
2018,India,1374659064,2702929641648.741,970.8341762332424,75.36740999489234,32.9,176.0712126474485,0.8184166666666667,0.3690782343291942,12.74,86.89,2556.7189
2019,India,1389030312,2835606256558.195,988.2721695421144,75.39628624540045,33.5,186.4567577830841,0.7808333333333333,0.4820442291832659,13.32,87.43,2551.4851
2020,India,1402617695,2674851578587.269,901.3995791633016,75.41189530668807,36.1,210.6919583014403,0.56225,0.5256420082464237,12.87,69.23,2356.959
2021,India,1414203896,3167270623260.469,963.3639136856118,75.39186384899362,34.9,193.6010122137056,0.7158333333333333,0.6724203587703818,12.63,75.16,2597.9343
2022,India,1425423212,3346107287730.927,1085.335209203819,75.40001513369405,34.833333333333336,193.7549693915666,0.851,0.6157430470577805,12.15,82.89,2807.0805
2023,India,1438069596,3638489096033.859,1181.630572488649,75.40125809645859,35.27777777777778,199.1412158548165,0.8938333333333333,0.7176619252049595,12.66,74.11,3014.5226
1990,Indonesia,183501098,106140727333.6356,160.6693383382371,62.24269956033809,59.2,123.4780032587765,0.0715,0.2473066584896843,0,0.78,161.7687
1991,Indonesia,186778238,116621996217.1334,175.8663126482647,63.65727229490575,58.4,132.7415519,0.1999166666666667,0.3069395864371721,0,1.41,174.6593
1992,Indonesia,190043744,128026966579.9637,191.9715915510484,64.55512389078885,57.5,142.6677713338857,0.2169166666666667,0.330871692,0,0.22,182.5524
1993,Indonesia,193305168,158006700301.5332,210.1444075204446,67.76363351641143,56.1,127.8062772353687,0.2440833333333333,0.2478085478527504,0,0.66,199.8507
1994,Indonesia,196591828,176892143931.5053,236.7748470195821,66.18281400239833,53.4,144.0499824827747,0.329,0.2222502343455832,0,2.31,212.7475
1995,Indonesia,199888057,202132028723.1153,259.7203693865512,69.01075464037696,50.7,145.8424633836928,0.30275,0.188786972,0,0.38,239.099
1996,Indonesia,203204348,227369679374.9733,292.3018162977497,69.89571076158909,49.3,151.3795217657879,0.3545833333333333,0.2571379196505685,0,0.38,252.0076
1997,Indonesia,206536095,2.15749E+11,325.2845465,70.7162723,47.6,124.1625327462237,0.4468333333333334,0.2256194559183425,0,3.84,275.5207
1998,Indonesia,209826788,95445547872.71504,324.3341836791592,69.83167500825688,48.9,152.0372332,0.9168333333333334,0.384574837,0,2.72,278.2434
1999,Indonesia,213004668,140001351215.4619,348.9735727294014,71.44707912250048,45.8,140.7112201103618,0.2204166666666667,0.1334593935330976,0,0.64,295.25
2000,Indonesia,216077790,165021012077.8096,382.177178,76.18565363,45.6,138.9833342623042,0.2834166666666667,0.2122527810313814,0,0.5,299.0702
2001,Indonesia,219097902,160446947784.9086,402.6966903589976,75.59692479914136,44.3,147.0546792,0.4409166666666667,0.1761573436511298,0,0.8,319.562
2002,Indonesia,222088495,195660611165.1834,408.6028859802035,76.74978432396205,44.7,138.7448860152723,0.6539166666666666,0.1748144055531148,0,2.14,324.9389
2003,Indonesia,225048008,234772463823.8083,419.8259777531557,76.97384881369138,43,163.7671813165375,0.5560833333333334,0.1369382210666142,0,0.8,353.623
2004,Indonesia,227926649,256836875295.4519,464.7152953141517,78.52533569846436,41.5,180.4760869830219,0.5976666666666667,0.1395793283007512,0,1.68,360.1513
2005,Indonesia,230871650,285868619196.0848,490.7142128537653,79.407681,41.6,184.3262583118349,0.6848333333333333,0.2290170420635887,0,0.83,362.597
2006,Indonesia,233951652,364570515618.3569,505.8139106450935,79.64180043176312,40.1,189.6275127091357,0.4583333333333333,0.2617022268830656,0,2.54,383.4194
2007,Indonesia,237062337,432216737774.8605,535.3528595307824,79.36813335575005,40,222.9263719921412,0.37175,0.172497886,0,0.66,401.7934
2008,Indonesia,240157903,510228634992.2582,558.9322621625323,78.44579996122415,41.1,234.0220232767439,0.2121666666666666,0.1536683839383438,0,0.37,397.2554
2009,Indonesia,243220028,539580085612.4014,582.7110586468644,80.57869676,38.2,239.6035912032383,0.5765833333333333,0.1838049048734978,0,2.5,411.3491
2010,Indonesia,246305322,755094157621.9355,653.9566367956921,86.42892598997082,36,239.5533931878169,0.6921666666666666,0.2906282944855087,0,0.53,443.682
2011,Indonesia,249470032,892969104563.1713,697.5507182361688,80.44940571730606,32.4,260.8719543994877,0.3335,0.1210230694261773,0,0.93,499.9362
2012,Indonesia,252698525,917869913332.6486,749.7313251036982,80.54683564221247,30.1,324.1051273102163,0.44275,0.144660594,0,1.34,504.2572
2013,Indonesia,255852467,912524136718.0182,793.5002635718186,79.69931735113362,30.6,303.5337469156882,0.7760833333333333,0.223387727,0,0.89,474.9651
2014,Indonesia,258877399,890814755533.5369,836.1409718891683,81.70231145461278,29.3,334.1158710822021,0.7425833333333333,0.2248886607239729,0,2.93,505.0762
2015,Indonesia,261799249,860854232686.2139,857.6495190786434,80.64948814931962,26.6,341.4969900732752,0.8442500000000001,0.3607818188785756,0,3.58,512.3973
2016,Indonesia,264627418,931877364037.6976,907.7177331639914,80.68370565168867,27.8,332.6893895266236,1.372666666666667,0.224068566,0,1.65,507.0965
2017,Indonesia,267346658,1015618744159.734,951.0498537819764,81.01183508520704,25.2,374.4817808052955,0.9155,0.1348545512765513,0,0.82,535.7474
2018,Indonesia,269951846,1042271532988.632,1065.260357582441,80.78167629540512,22,388.9456342382197,0.9343333333333332,0.1437830155322789,0,1.96,596.4692
2019,Indonesia,272489381,1119099871350.199,1107.151401250385,80.82573901076694,19.8,304.3160405055748,1.05875,0.1742340977918311,0,3.98,637.5692
2020,Indonesia,274814866,1059054842698.482,1119.61556,80.87308346379304,21.9,336.1079860112639,1.1905,0.1623604529023822,0,1.23,596.2839
2021,Indonesia,276758053,1186509691086.731,1210.584466714687,80.82683292,20.2,381.2299193110908,1.030583333333333,0.1768245167453377,0,0.9,622.6868
2022,Indonesia,278830529,1319101183380.152,1330.987683920364,80.84188513262723,20.633333333333336,311.0881107996211,0.9409166666666668,0.1525092665672774,0,0.95,722.6996
2023,Indonesia,281190067,1371169301563.622,1445.214634839857,80.84726717324732,20.91111111111111,311.0719886,1.179416666666667,0.2885958703600745,0,5.58,772.5618
1990,Russian Federation,147969406,517014446227.9294,6687.727056226745,93.37899126656777,3.8,,,,222.86,0.05,2436.2695
1991,Russian Federation,148394216,5.17963E+11,6551.299816159951,93.35687992100392,3.8,,,,220.67,0.38,2393.5405
1992,Russian Federation,148538197,460290556900.7264,6113.679971489084,92.56114819858512,4,41.73989455184535,0.5294166666666666,1.569174063976191,236.4,0.04,2205.4651
1993,Russian Federation,148458777,435083713850.8372,5726.451592686904,92.39287516819743,4,29.72872824962559,0.7700833333333333,1.755032215199735,235.11,0.03,2012.9625
1994,Russian Federation,148407912,395077301248.4637,5188.213954522856,92.56321283849846,3.9,11.75810998115588,0.5495833333333334,0.8726275893657169,227.42,0.07,1814.9119
1995,Russian Federation,148375787,395537185734.8544,5101.553395635907,92.28516027632848,3.9,13.72549019607843,2.28175,1.845355346313188,222.83,0.16,1768.5622
1996,Russian Federation,148160129,391724890744.4982,5016.444066406017,92.28398752257536,3.7,12.53729448359043,0.6929166666666666,1.190159825284916,237.97,0.4,1727.1914
1997,Russian Federation,147915361,404928954191.8755,4935.619904953617,92.05140742538806,3.8,12.16010543988201,1.136916666666667,1.666434090022431,223.35,0.05,1607.3811
1998,Russian Federation,147670784,2.70955E+11,4848.027352519507,92.09763804320828,3.6,10.02124758189833,0.1759166666666667,1.382820936728814,234.24,0.91,1613.2209
1999,Russian Federation,147214776,195907128350.9342,4998.825661358885,91.28740238935332,3.8,10.89017803560712,0.5978333333333333,1.484206681100116,226.91,0.39,1660.9112
2000,Russian Federation,146596869,259710142196.9428,5198.405704012683,91.11102053165236,3.5,11.41717722353547,0.9393333333333334,1.648039357000379,225.51,0.36,1681.1521
2001,Russian Federation,145976482,306602070620.5005,5274.363304631495,90.89618296006633,3.6,12.93960923623446,0.93825,1.123445157,226.49,0.44,1684.2768
2002,Russian Federation,145306497,345470494417.8628,5304.415259559935,90.72643378,3.5,11.49290082209533,1.31975,2.078474886585514,227.67,0.45,1675.2947
2003,Russian Federation,144648618,430347420184.8851,5478.130458183845,90.90480707600436,3.3,11.00351667,1.588833333333333,0.9596640760645824,224.53,0.1,1737.2524
2004,Russian Federation,144067316,591016690732.3846,5633.845500390942,90.67398897965874,3.5,11.41977633324055,0.99775,1.169634211,225.73,0.21,1738.8704
2005,Russian Federation,143518814,764015973481.1102,5770.100636422483,90.68245447,3.6,11.79264417,1.901916666666667,1.112482768281029,217.45,0.19,1739.3021
2006,Russian Federation,143049637,989932071352.5432,6098.533476180719,90.60676977928486,3.5,12.48071133630546,0.72375,1.542762140069989,226.12,0.51,1776.1969
2007,Russian Federation,142805114,1299703478481.653,6286.049391760578,90.5376491,3.7,14.25312978103871,2.454166666666667,1.696117470053953,218.03,0.89,1779.046
2008,Russian Federation,142742366,1660848058303.114,6399.683749112019,90.96162444674545,3.3,15.88274461771161,2.12675,1.496101607790505,220.55,0.47,1764.3555
2009,Russian Federation,142785348,1222645900055.696,6095.380318714494,90.20404927454018,3.6,15.63506481763105,0.8410833333333333,1.173880350116181,222.42,0.39,1662.1017
2010,Russian Federation,142849468,1524916715223.946,6409.894365164874,89.88945165571705,3.3,15.72450246200133,0.9530833333333332,1.454206281695352,220.43,2.49,1746.8968
2011,Russian Federation,143018195,2045922753398.036,6483.161111074014,91.69254756124228,3.2,16.18722718641337,1.997583333333333,1.287998153358752,217.26,0.61,1832.6123
2012,Russian Federation,143378447,2208293553878.424,6608.977986768123,92.74488818529136,3.2,15.43358350664617,1.539916666666667,1.219072834735025,217.07,0.65,1819.802
2013,Russian Federation,143805638,2292470078346.224,6525.627319284937,92.63988784,3.6,15.29827618804922,1.681166666666667,1.828573571272306,221.41,0.13,1764.2472
2014,Russian Federation,144237223,2059241589895.015,6583.543278561318,92.7856117,3.3,15.90050062063806,1.548416666666667,1.597857547798162,225,0.51,1750.1989
2015,Russian Federation,144640716,1363482182197.705,6563.387034118387,92.72346257348026,3.2,16.66261128328223,2.338666666666667,1.422657685070056,221.77,0.68,1757.1139
2016,Russian Federation,145015460,1276786350881.137,6683.604630844187,92.71632070287656,3.4,18.68718197436888,2.1625,1.700767204332601,220.99,0.62,1734.6382
2017,Russian Federation,145293260,1574199360089.002,6734.187119209797,92.74179832492341,3.2,20.32828876521796,2.374416666666667,1.955199071634963,226.34,0.58,1763.2401
2018,Russian Federation,145398106,1657328773461.306,6873.349505666875,92.72719386709342,3.2,20.81411273417784,1.800333333333333,1.053435358982959,221.27,0.45,1831.1328
2019,Russian Federation,145453291,1693115002708.316,6902.449529313159,92.72843763163114,3.2,22.59144752525709,2.347166666666667,1.290368347497032,220.63,0.38,1858.002
2020,Russian Federation,145245148,1493075894362.143,6770.332871979999,92.73247660788265,3.7,25.32781198,3.540416666666667,2.002788117364279,210.97,0.8,1784.1991
2021,Russian Federation,144746762,1829186719575.096,7186.675443558454,92.72936936886907,3.5,27.50296344400694,1.577916666666667,1.243057752636171,219.2,1.19,1938.4596
2022,Russian Federation,144236933,2291612121334.643,7184.422037038184,92.73009453612762,3.466666666666667,28.21271855913324,2.402166666666667,1.272064583877547,219.62,0.44,1895.4729
2023,Russian Federation,143826130,2071505725030.579,7047.143450858879,92.73064683762645,3.555555555555556,28.72900722570675,2.405833333333333,1.282267836902866,215.91,0.77,1948.3024
1990,United States,249623000,5.96314E+12,11713.33170420995,86.46400591701746,4.2,100.4557843502692,0.7355,1.024676005704567,113.83,12.66,4983.6037
1991,United States,252981000,6.15813E+12,12134.17213150395,85.71294022,4.5,100.8370347861131,0.7105833333333335,0.898837532,117.94,8.77,4939.0307
1992,United States,256514000,6.52033E+12,12014.95825,85.59449839733215,4.8,102.8698730813806,0.2563333333333334,1.162744621813215,117.7,6.54,5016.9879
1993,United States,259919000,6.85856E+12,12261.52378240913,86.13355004024733,4.3,108.9248694452655,0.1605,0.6404005907763255,120.4,9.99,5135.577
1994,United States,263126000,7.28724E+12,12455.16216565448,85.94257521416053,4.1,108.1244988357039,0.4765,0.6564428764180475,116.74,10.41,5217.8955
1995,United States,266278000,7.63975E+12,12659.60762811798,85.50088500290715,4.7,108.8079834877506,0.5599166666666666,0.7142239912816022,114.21,10.64,5271.4648
1996,United States,269394000,8.07312E+12,12854.29890791926,85.54141641924413,4.8,112.9384552780088,-0.010083333,0.6019941110361647,126.01,9.51,5426.4743
1997,United States,272657000,8.57755E+12,12889.83228011751,86.4934454,4.5,113.8318423061421,0.4095833333333334,0.7922793550187263,120.33,6.94,5699.5176
1998,United States,275854000,9.06282E+12,13154.76302681853,86.12255126829575,4.5,112.3398327902978,1.339666666666667,0.7277062517863158,110.1,14.64,5744.8765
1999,United States,279040000,9.63117E+12,13281.86998279817,85.81893598369297,5.7,111.7610623300798,0.72275,0.7415892983990532,114.43,9.63,5761.8713
2000,United States,282162411,1.02509E+13,13671.05202400613,85.89915104088033,5.4,108.6837834202962,0.8610833333333333,1.342341453,121.76,15.03,5928.7614
2001,United States,284968955,1.05819E+13,13046.61414784639,86.38617718340251,4.7,110.0908511661731,0.9651666666666668,0.6822838892686501,117.7,11.34,5877.6294
2002,United States,287625193,1.09291E+13,13296.18229930227,86.28080862,4.8,111.8817588465518,1.015,0.8491696925036047,121.9,11.4,5726.7267
2003,United States,290107933,1.14564E+13,13307.49200850016,86.31084917343853,5.3,124.1937345466819,0.92825,0.5927666945491006,115.96,12.46,5792.9233
2004,United States,292805298,1.22172E+13,13388.58971055913,86.15756073885285,5.5,119.2321954574183,0.8875000000000001,0.8240128943165879,112.02,7.03,5879.9871
2005,United States,295516599,1.30392E+13,13704.57705,86.05262777476959,5.8,115.9113283,1.110583333333333,0.5642023068506151,109.25,12.2,5888.1657
2006,United States,298379912,1.38156E+13,13583.26695933874,85.66259483439974,6.4,126.5793950239041,1.135083333333333,0.9885568992503948,110.84,15.45,5790.0078
2007,United States,301231207,1.44742E+13,13657.45282825229,85.63845777016003,6.3,120.3752582056836,1.01525,0.6026198532242363,113.58,11.47,5872.7014
2008,United States,304093966,1.47699E+13,13663.42797,85.00510714492299,6.8,99.97286196561456,0.1485,0.3702068115706859,123.81,11.24,5689.2644
2009,United States,306771529,1.44781E+13,12913.71468830147,84.19511991631768,7.3,118.9569043004491,0.35925,0.7150211098282344,118.41,11.77,5273.1152
2010,United States,309378227,1.5049E+13,13392.69101183387,84.12338681384271,7.4,124.7420743608176,0.69925,0.5856771188120635,117.8,13.89,5521.4993
2011,United States,311839461,1.55997E+13,13235.00876625746,83.88767367585744,8.4,130.2821372455489,0.7430833333333333,0.5485027283939029,117.54,21.09,5307.6289
2012,United States,314339099,1.6254E+13,12945.15703883213,83.94460296123712,8.5,134.9880674106335,1.395583333333333,0.9511489944915162,107.34,18.87,5087.711
2013,United States,316726282,1.68432E+13,12972.21997,82.97288769928261,8.9,135.6734778616687,0.5045000000000001,0.7535034284372345,125.71,12.29,5224.7089
2014,United States,319257560,1.75507E+13,12962.14254096285,83.40198975206661,9,128.0892482,0.7696666666666667,0.8957181786452453,115.07,10.34,5243.772
2015,United States,321815121,1.8206E+13,12828.81608288381,82.32581627597875,8.9,129.1843303,1.561,0.8224907294310374,105.06,12.04,5132.9841
2016,United States,324353340,1.86951E+13,12806.19771018852,82.90023124244266,9.3,128.0400323899908,1.9915,1.063479861899917,102.06,13.07,5028.952
2017,United States,326608609,1.94773E+13,12604.16255592332,82.87601242349601,9.7,127.9672357307891,1.561333333333333,0.8534982262560492,103.52,12.11,4959.4579
2018,United States,328529577,2.05331E+13,13054.40453539439,82.70068665,9.9,130.3376845114334,1.234333333333333,0.8038715002342656,117.18,14.4,5118.3744
2019,United States,330226227,2.1381E+13,12678.25405036651,82.82564343774816,10.2,130.0854913795822,1.041916666666667,0.7060516338924671,115.18,13.75,4967.9122
2020,United States,331577720,2.10605E+13,12393.43825634605,82.80078083618332,11,134.6025412856665,1.3135,0.6897526730647734,110.51,15.15,4466.8765
2021,United States,332099760,2.33151E+13,12556.09157922909,82.77570364041243,10.9,130.5863616349673,1.253833333333333,1.221335869265926,110.26,13.46,4754.3785
2022,United States,334017321,2.56048E+13,12968.16280973644,82.80070930478131,10.700000000000001,127.8047905772308,0.9879166666666668,0.5944238749037218,120.12,19.17,4815.7665
2023,United States,336806231,2.72922E+13,12551.22563335237,82.79239792712569,10.866666666666667,127.7969484229158,1.434083333333333,1.053586609185764,110.03,17.95,4618.2675