Country Name,Year,Population,GDP,Electric power consumption,Industry,Fossil fuel energy consumption,Renewable energy consumption,Fertilizer consumption,Temperature annual mean,Temperature std across months,Number of frost days,Number of hot days,Total CO2 emissions
Canada,1990,27691138.0,596075591360.9873,16190.703321763085,,73.495139794671,22.6,50.133004568859235,-0.0038333333333333552,1.6393393401679295,235.06,0.02,440.5009
Canada,1991,28037420.0,612527712315.615,16207.839380370948,,72.17830581741872,22.7,52.594874781828956,0.5685,1.107186035256346,230.52,0.05,434.5525
Canada,1992,28371264.0,594387358318.8549,16192.7575732967,,73.28896893543254,22.4,54.79428585276014,0.042416666666666686,1.277590665949866,243.07,,447.3182
Canada,1993,28684764.0,579053561739.4,16347.179987257347,,72.4622158778123,22.3,57.243024215072545,0.5317500000000001,0.9370860085925944,232.54,,446.666
Canada,1994,29000663.0,579944346807.2643,16413.314412846354,,71.57402455358219,22.2,58.177080802682084,0.5499166666666667,1.6884564182675517,223.99,0.01,463.8858
Canada,1995,29302311.0,605961090061.2067,16561.867765310388,,72.38105328999669,22.4,62.46180977864267,0.6835,1.2336489573618583,228.7,0.16,475.9427
Canada,1996,29610218.0,630607994132.7466,16645.166205800982,,73.07829498846944,22.1,65.6696461189995,0.044499999999999984,1.135729464558645,237.56,0.01,489.8681
Canada,1997,29905948.0,654986999855.554,16677.485027393213,27.716439058545916,74.61333822656164,21.8,66.42785778687526,0.7260833333333334,1.3452050313572608,232.53,0.02,505.6429
Canada,1998,30155173.0,634000000000.0,16456.944219819266,26.83386866466994,75.74162992957183,22.0,64.58612702669755,2.3619166666666667,1.1303436393661688,214.26,0.03,513.8479
Canada,1999,30401286.0,678412196271.118,16701.694790148023,27.871739438862527,75.54351941594366,22.2,65.6024199253531,1.7960833333333335,1.409383994181698,228.37,,523.4446
Canada,2000,30685730.0,744773415931.587,16844.474614095867,29.500037520466737,76.47575936497252,20.3,59.68585096775768,0.9502499999999999,1.4296273480059996,233.54,0.02,543.1076
Canada,2001,31020855.0,738981792355.372,16625.782880581468,28.447535461999852,76.52726586278253,19.8,60.42089967763993,1.85775,1.3568010861950253,224.52,0.07,534.3756
Canada,2002,31359199.0,760649334098.0055,16912.198554561295,27.573141032783298,75.64270699269609,20.1,64.88235873445771,0.616,1.8259287591068096,239.17,0.16,554.066
Canada,2003,31642461.0,895540646634.787,16920.870977766237,27.907410447725507,76.90034029166526,19.7,66.6676927659997,1.1644166666666667,1.3654281049261519,226.65,0.08,573.6827
Canada,2004,31938807.0,1026690238278.2476,16823.82814110746,28.391119722337848,75.96081831613087,20.4,62.11334451425568,0.11475000000000002,1.0269059616959415,234.83,,559.7484
Canada,2005,32242732.0,1173108598778.6763,17852.89162221117,29.212991524177795,76.21881159242184,21.6,70.63817649434571,1.6898333333333333,1.0673961177661375,219.03,0.1,582.3075
Canada,2006,32571193.0,1319264809590.9731,17468.56493712097,28.8475544811015,72.90413559050603,21.5,53.96828144489983,2.4883333333333333,1.5628844238209751,218.11,0.02,574.6974
Canada,2007,32888886.0,1468820407783.2603,17525.890052949802,28.6859019053535,73.45770128477812,21.6,78.83548503240408,0.9348333333333333,1.162417296938678,225.51,0.16,594.6475
Canada,2008,33247298.0,1552989690721.6497,17382.25464216671,29.34201950465891,75.97045571809757,21.6,73.55244900610627,0.7055000000000001,1.18793164085032,226.03,0.03,575.4179
Canada,2009,33630069.0,1374625142157.2915,16317.77799801719,25.076018211277805,76.04636978611549,22.2,71.58433545134694,0.8833333333333334,1.3130522541857281,231.16,,542.7914
Canada,2010,34005902.0,1617343367486.2585,16236.475656490453,26.351133161989527,76.64078275312879,21.4,79.65645978719452,3.10375,1.883062891718348,216.17,0.01,562.1099
Canada,2011,34339221.0,1793326630174.5186,16607.190943556932,27.139340598389122,76.5825123037239,21.5,96.89352286442269,1.4641666666666666,1.256916122455627,223.32,0.02,575.7827
Canada,2012,34713395.0,1828366481521.5952,16119.569981558992,26.634668797425576,75.37327376969446,21.8,104.22451643842916,1.9261666666666668,1.1074496100901787,218.86,0.02,567.184
Canada,2013,35080992.0,1846597421834.9834,16532.14367484249,26.613235175836603,73.89261974822902,22.2,96.4984252176905,0.8888333333333334,1.4473887310908873,227.05,,575.2149
Canada,2014,35434066.0,1805749878439.9412,16486.87452351644,27.13794246018717,74.3072940366545,22.2,102.15082036180058,0.76225,1.4307473061888556,226.33,0.01,580.3198
Canada,2015,35704498.0,1556508816217.1401,15839.628945350247,24.415682546891595,73.51674296793082,22.3,104.35713912543754,1.3579166666666669,1.2148848682305478,222.42,0.03,574.3793
Canada,2016,36110803.0,1527994741907.425,15759.605235031744,23.29530054558479,0.0,22.1,99.27329353750325,2.1845,1.5341669563642673,218.7,,574.0983
Canada,2017,36545075.0,1649265644244.095,15477.324919978957,24.02780288707915,0.0,22.8,101.82035368355449,1.6495,1.3604522226083502,221.17,0.02,591.893
Canada,2018,37072620.0,1725329192783.024,15569.549710810836,24.622305955435323,0.0,22.3,111.81183768415612,0.6525,1.4841648324899763,241.25,0.11,612.5836
Canada,2019,37618495.0,1743725183672.5212,15204.063852102536,24.077407876941322,0.0,22.4,106.73256054647071,1.2445000000000002,1.0570195914299159,223.06,0.01,609.0758
Canada,2020,38028638.0,1655684730000.1936,14763.74199885886,22.451617319499974,0.0,23.9,129.48868837452596,1.3478333333333332,1.2931045222856332,231.3,0.05,548.4454
Canada,2021,38239864.0,2022378748423.2344,15003.714448356825,25.331747517759585,0.0,23.8,126.06184165817193,2.2045,1.8186454437300308,219.78,0.56,561.7344
Canada,2022,38935934.0,2190411080134.319,14907.077867966387,,0.0,,117.03958691910499,1.34575,1.0947056015964596,219.53,0.07,575.8352
Canada,2023,40083484.0,2173339670064.328,14459.895751576883,,0.0,,132.8405546381484,2.90475,2.0457789113603324,212.16,0.06,567.0969
China,1990,1135185000.0,361560229445.50665,510.6198549135163,40.95321390034691,75.09675247292094,33.9,220.30452342487882,0.8351666666666667,0.7525248427054677,154.15,4.7,2414.2762
China,1991,1150780000.0,384510452961.6725,548.9537531065886,41.36470267184392,74.4546361271812,33.1,237.5103103103103,0.4291666666666667,0.3877341944625925,156.77,4.49,2550.1985
China,1992,1164970000.0,428502354788.0691,604.6945414903388,42.95568711074312,75.03256120052593,32.8,237.60781122864117,0.1705833333333333,0.6552146541825478,162.48,4.16,2669.7881
China,1993,1178440000.0,446557291212.14764,662.6370455856895,45.98771588818443,76.03419109295163,31.5,206.7543281121187,0.20074999999999998,0.9229341006630248,160.61,1.94,2890.1814
China,1994,1191835000.0,566929539493.172,727.1073596596844,45.95072661484747,76.56558192396297,31.1,238.95608947804473,0.8008333333333333,0.7735105939086347,154.38,5.03,3046.9201
China,1995,1204855000.0,738190896227.5504,770.2802411908486,46.51583290997155,77.8894508666135,29.4,297.5430674025757,0.5253333333333333,0.472179050314132,158.79,4.76,3365.775
China,1996,1217550000.0,868523936530.0826,821.0808591022956,46.845292407208916,78.69663462026172,30.5,301.52758109251795,0.23900000000000002,0.39256485663730356,161.08,3.82,3340.2565
China,1997,1230075000.0,967753570434.6671,852.7406865435034,46.79965779869118,78.50886649824544,30.0,299.4533315692093,0.6966666666666667,0.5819377591766628,157.87,5.76,3437.3194
China,1998,1241935000.0,1037134141760.352,870.6172223183983,45.44113231521047,78.71810377326341,29.5,300.9925276903885,1.3771666666666667,0.8925020852761197,149.5,5.26,3522.0334
China,1999,1252735000.0,1103843203575.635,913.9634479758289,44.95553916713815,79.20040880677239,30.3,306.1078337278094,1.1594166666666668,0.8994275455656349,153.92,4.95,3447.7709
China,2000,1262645000.0,1223754919971.0479,992.9433847201708,45.07383151775861,79.92246260601699,29.6,287.4484879032258,0.5555,0.620238865276919,158.11,5.4,3647.8773
China,2001,1271850000.0,1355036590251.524,1076.5491213586508,44.27654360260099,80.83314585219725,28.4,295.44852610286927,0.9351666666666666,0.5014500362836649,153.23,5.71,3825.0579
China,2002,1280400000.0,1489821682050.541,1194.8562949078414,43.875802812218446,81.92179284998467,27.0,333.5089292050844,1.1526666666666667,1.18046179758413,151.62,5.74,4133.073
China,2003,1288400000.0,1683903309843.8486,1379.4846321018317,44.98276213271458,84.23097750252418,23.9,328.65826042496496,0.8994166666666668,0.6016494630504452,154.17,5.36,4773.1082
China,2004,1296075000.0,1984196551300.4358,1585.8387824778658,45.232832658255596,86.09237233291466,20.2,352.2643517379721,1.139,0.7603281089985646,153.51,5.1,5496.262
China,2005,1303720000.0,2317551298052.0522,1782.3121529162704,46.38162169845846,87.3709947582302,17.4,375.1049954969791,0.8753333333333333,0.74590038804715,155.03,6.08,6235.6852
China,2006,1311020000.0,2791498472804.3286,2039.0146603408034,46.886502859217245,88.28426537963281,16.4,374.7651380805872,1.3685,0.5231393217872272,150.63,6.2,6922.8741
China,2007,1317885000.0,3604055822571.6304,2325.9267690276465,46.18523623010748,89.30917398288543,14.9,385.3146357865108,1.60475,0.944101700471582,149.99,6.02,7522.0032
China,2008,1324655000.0,4667346414521.947,2446.3690545840236,46.236419130248166,89.52115711800536,14.1,372.65810231486006,1.0385,0.974933630219685,154.5,5.62,7752.2237
China,2009,1331260000.0,5189577094997.582,2612.4566200441686,45.178858723135626,90.1612712655318,13.4,383.9675873216207,1.22475,1.0067483238128585,150.53,5.76,8319.1638
China,2010,1337705000.0,6192564874453.29,2943.58995443689,45.70662071067777,90.80662758145954,12.3,425.23934029399254,0.9783333333333334,0.7099810247855611,153.63,7.13,9106.0051
China,2011,1345035000.0,7671757207851.289,3295.784868051761,45.800205410810726,91.42473187813448,11.3,444.6498062015504,0.766,1.120361920690512,155.71,6.76,9955.7482
China,2012,1354190000.0,8673664713189.244,3466.020277804444,44.682069816547845,91.14921917962157,11.5,457.33323844241386,0.54325,0.7347631279308092,155.05,4.76,10270.741
China,2013,1363240000.0,9743124247267.244,3757.185088465714,43.3938707801605,91.00012191436453,11.5,458.51615547615734,1.2124166666666667,0.546583854245826,151.95,7.13,10760.43
China,2014,1371860000.0,10674533168257.361,4006.168267899057,42.28271577910922,89.55484002130432,11.9,477.57927771833107,1.0121666666666667,0.7515786533838107,150.87,4.73,10881.1042
China,2015,1379860000.0,11280814787468.914,4017.0778194889335,40.047590216103224,71.06955889045516,12.2,465.61267963660043,1.4435833333333334,0.7641736777213816,149.84,4.96,10749.8966
China,2016,1387790000.0,11456024084961.979,4237.545305845985,38.81115609392099,0.0,12.6,480.0550717484046,1.4595833333333335,0.7866732123668351,148.15,6.81,10773.7258
China,2017,1396215000.0,12537559062282.92,4571.042425414424,39.129944350894974,0.0,13.1,460.4577548058835,1.4765,0.7701639976870728,148.09,7.24,10999.4188
China,2018,1402760000.0,14147765772963.76,4842.206792323705,38.97770017470965,0.0,13.5,442.5532465651757,1.2780833333333332,0.9087964071904236,147.34,6.42,11527.5117
China,2019,1407745000.0,14560167101283.44,5082.387790402381,37.76423331627352,0.0,14.3,427.75084723359413,1.5302499999999999,0.5737883066369804,148.36,6.75,11813.0582
China,2020,1411100000.0,14996414166715.092,5261.9410389058185,36.911562406630566,0.0,14.9,414.49144613371124,1.5891666666666666,0.8549159640312932,149.26,5.15,11964.1285
China,2021,1412360000.0,18201698719563.96,5847.802260047013,38.092472204071655,0.0,15.2,406.23433212499424,1.84,1.0187521779117823,146.81,6.37,12551.8645
China,2022,1412175000.0,18316765021690.156,6112.135535609963,37.8945266620066,0.0,,395.1390323053101,1.7533333333333332,1.0552327810593367,146.48,10.45,12518.6844
China,2023,1410710000.0,18270356654533.215,6523.719261931935,36.772503022356126,0.0,,394.0197422968981,2.0090833333333333,0.8171663904751726,147.33,8.43,13021.242
India,1990,864972221.0,320979026420.0351,270.9046537114167,27.45369549572011,58.72196723849349,53.0,73.52302412225696,-0.03866666666666665,0.6620526581943631,13.14,57.48,600.6812
India,1991,883927600.0,270105341879.22638,289.26124718811815,26.441720176925415,59.90357970288592,52.0,77.99931977791668,0.1385,0.3564885458655486,13.9,76.33,646.3805
India,1992,902957070.0,288208070278.0129,301.7186631032193,26.79274326963444,60.97755600135566,51.5,74.70166435165267,0.03316666666666668,0.36441021604169604,13.63,77.53,669.6564
India,1993,922118387.0,279295648982.52924,317.59913274563087,26.781554282073856,61.58776525234547,51.5,76.17673723444823,0.20083333333333334,0.38296406126714067,13.75,73.31,699.7472
India,1994,941163767.0,327274843459.429,337.32917812166477,27.628201247310592,62.212982213306844,50.5,83.45589293954777,0.07283333333333333,0.5414195590195175,12.99,70.76,743.8494
India,1995,960301044.0,360281909643.48914,354.3534625169063,28.59980942420241,64.11885885460104,49.5,85.70285527234098,0.266,0.5537522008985608,13.58,75.22,796.4452
India,1996,979678458.0,392896866204.5158,354.4458869789704,27.912270369841213,64.59502315325486,49.1,89.04232883092688,0.23866666666666667,0.40912474326977044,13.52,78.62,833.4883
India,1997,999133762.0,415867563592.82904,369.3969857061041,27.837030763310555,65.36867244125091,47.9,100.1725608133613,-0.0755,0.5560039718083556,13.78,64.48,877.681
India,1998,1018665080.0,421351317224.9413,379.59974047603555,27.303037851756486,65.54355820025913,48.0,104.06795160121183,0.6013333333333334,0.4149671339060748,12.94,73.93,900.5955
India,1999,1038225823.0,458821052615.7898,383.1295573544986,26.519293348859552,66.99997969547512,47.1,112.17102034477404,0.46025,0.5358935100994102,13.1,79.36,961.5943
India,2000,1057922733.0,468395521654.4579,384.9893638687883,27.325828377591748,67.251600486733,46.9,103.78611818803206,0.34541666666666665,0.6200700845245014,13.17,74.61,996.8909
India,2001,1077898575.0,485440139204.17053,384.81820982090085,26.48777734403069,67.12901706864484,47.1,108.18219865897396,0.48625,0.6079869961602797,12.93,68.16,1012.998
India,2002,1097600380.0,514939140318.7556,401.9987675295812,27.660654160788166,67.93666427644597,45.8,100.32905530068814,0.8424999999999999,0.38549524424217396,13.33,90.3,1051.0846
India,2003,1116803006.0,607700687237.3179,419.0551041550474,27.474107121198788,68.16546200360287,45.6,105.17720386235207,0.58825,0.2978347206645547,13.3,77.59,1083.014
India,2004,1135991513.0,709152728830.7745,441.6282993832543,29.219106305293003,69.01828735313458,44.9,115.27151007320846,0.58425,0.5828875141626098,13.37,83.61,1168.0565
India,2005,1154676322.0,820383763511.4454,458.87837994481714,29.533764191463725,69.34750849680626,44.2,127.61459195705075,0.48425,0.38705837737995025,13.53,81.16,1217.7273
India,2006,1172878890.0,940259888787.7214,500.4770782429207,30.92723994358829,70.04389071511903,43.2,136.40392154391097,0.7123333333333334,0.6798299215408382,12.81,76.77,1299.6787
India,2007,1190676021.0,1216736438834.9553,533.1248709173425,30.903238251086872,70.95317495650336,41.5,142.83522547493388,0.5668333333333333,0.2752165309150032,12.77,77.23,1415.2655
India,2008,1207930964.0,1198895139005.919,555.1045713569439,31.136719240954836,71.43996710292139,39.4,153.34939080350645,0.3558333333333333,0.7318726930886881,12.88,69.09,1519.7704
India,2009,1225524753.0,1341888016994.8982,588.3243061676454,31.12137211167441,75.57244496993198,37.4,167.45729591449052,1.0886666666666667,0.39034841986216473,13.47,93.89,1621.1797
India,2010,1243481564.0,1675615519484.959,629.8959491449284,30.725078228581665,74.84569360819648,36.2,179.03587692425276,1.04475,0.6556287217879745,13.1,89.53,1730.0542
India,2011,1261224954.0,1823051829894.5461,678.6037631792686,30.161679763040706,74.91097352691001,35.0,180.74829117270463,0.4038333333333333,0.49780314605496645,13.05,71.68,1845.6437
India,2012,1278674502.0,1827637590410.4143,709.2923168338896,29.39852769652889,75.07474778885921,34.8,163.12202164220102,0.49008333333333337,0.372666620080498,13.4,87.77,2015.2876
India,2013,1295829511.0,1856721507621.5764,743.8015509125104,28.40489956002461,74.98186720683603,34.9,156.49569808619168,0.3810833333333334,0.3710057183596441,13.02,69.48,2072.6256
India,2014,1312277191.0,2039126479154.5168,808.2934057489078,27.656401202644297,75.78572873440874,33.9,163.4980794181372,0.49066666666666664,0.5649816122868268,13.53,88.04,2237.6647
India,2015,1328024498.0,2103588360044.9392,841.0853878691024,27.34739147793997,45.956629150643,33.4,171.0382129362649,0.7952499999999999,0.6743168302066915,13.2,80.77,2278.2296
India,2016,1343944296.0,2294796885663.163,879.9456967969452,26.618999939978927,0.0,33.0,166.0030578887773,1.0795833333333333,0.47990996696139665,12.27,86.6,2311.9771
India,2017,1359657400.0,2651474262755.452,918.3136869626128,26.50001664648039,0.0,32.5,170.5692934346836,0.92525,0.34093868583661785,12.66,87.2,2441.2015
India,2018,1374659064.0,2702929641648.7407,970.8341762332424,26.412091901373508,0.0,32.9,176.0712126474485,0.8184166666666667,0.36907823432919423,12.74,86.89,2556.7189
India,2019,1389030312.0,2835606256558.195,988.2721695421144,24.591475307506645,0.0,33.5,186.45675778308413,0.7808333333333333,0.4820442291832659,13.32,87.43,2551.4851
India,2020,1402617695.0,2674851578587.2686,901.3995791633015,25.122905807834368,0.0,36.1,210.69195830144034,0.56225,0.5256420082464237,12.87,69.23,2356.959
India,2021,1414203896.0,3167270623260.4688,963.3639136856118,26.46652360650103,0.0,34.9,193.6010122137056,0.7158333333333333,0.6724203587703818,12.63,75.16,2597.9343
India,2022,1425423212.0,3346107287730.9272,1085.3352092038192,25.384519562946117,0.0,,193.75496939156656,0.851,0.6157430470577805,12.15,82.89,2807.0805
India,2023,1438069596.0,3638489096033.859,1181.6305724886488,25.302936496264028,0.0,,199.14121585481647,0.8938333333333333,0.7176619252049595,12.66,74.11,3014.5226
Indonesia,1990,183501098.0,106140727333.63564,160.66933833823708,39.38494007071676,62.24269956033809,59.2,123.47800325877648,0.0715,0.24730665848968428,,0.78,161.7687
Indonesia,1991,186778238.0,116621996217.1334,175.86631264826474,41.204773616378446,63.657272294905745,58.4,132.74155190531496,0.19991666666666666,0.30693958643717206,,1.41,174.6593
Indonesia,1992,190043744.0,128026966579.96375,191.97159155104836,39.97996032853056,64.55512389078885,57.5,142.66777133388567,0.21691666666666667,0.330871691730932,,0.22,182.5524
Indonesia,1993,193305168.0,158006700301.5332,210.14440752044456,39.6804980838497,67.76363351641143,56.1,127.80627723536874,0.24408333333333335,0.2478085478527504,,0.66,199.8507
Indonesia,1994,196591828.0,176892143931.50528,236.77484701958213,40.642044353025234,66.18281400239833,53.4,144.04998248277474,0.329,0.22225023434558322,,2.31,212.7475
Indonesia,1995,199888057.0,202132028723.11533,259.72036938655117,41.80083742176535,69.01075464037696,50.7,145.84246338369277,0.30275,0.188786972096417,,0.38,239.099
Indonesia,1996,203204348.0,227369679374.9733,292.30181629774967,43.45578405011191,69.89571076158909,49.3,151.37952176578787,0.3545833333333333,0.2571379196505685,,0.38,252.0076
Indonesia,1997,206536095.0,215748998609.635,325.284546509897,44.32895679722566,70.7162722987345,47.6,124.16253274622373,0.44683333333333336,0.22561945591834248,,3.84,275.5207
Indonesia,1998,209826788.0,95445547872.71503,324.3341836791592,45.22777054962393,69.83167500825688,48.9,152.037233153113,0.9168333333333334,0.384574837392614,,2.72,278.2434
Indonesia,1999,213004668.0,140001351215.46185,348.9735727294014,43.360061673230085,71.44707912250048,45.8,140.71122011036175,0.22041666666666668,0.1334593935330976,,0.64,295.25
Indonesia,2000,216077790.0,165021012077.80963,382.177177950589,41.96907464335643,76.1856536311886,45.6,138.98333426230423,0.28341666666666665,0.21225278103138143,,0.5,299.0702
Indonesia,2001,219097902.0,160446947784.90857,402.6966903589976,47.89350078538706,75.59692479914136,44.3,147.05467922635304,0.4409166666666667,0.17615734365112978,,0.8,319.562
Indonesia,2002,222088495.0,195660611165.18344,408.6028859802035,47.74533115925968,76.74978432396205,44.7,138.74488601527227,0.6539166666666666,0.1748144055531148,,2.14,324.9389
Indonesia,2003,225048008.0,234772463823.80835,419.82597775315566,43.749566091760805,76.97384881369138,43.0,163.76718131653755,0.5560833333333334,0.13693822106661419,,0.8,353.623
Indonesia,2004,227926649.0,256836875295.4519,464.7152953141517,44.62761597546016,78.52533569846436,41.5,180.47608698302187,0.5976666666666667,0.1395793283007512,,1.68,360.1513
Indonesia,2005,230871650.0,285868619196.0848,490.7142128537653,46.54105887107114,79.4076809996555,41.6,184.32625831183492,0.6848333333333333,0.2290170420635887,,0.83,362.597
Indonesia,2006,233951652.0,364570515618.35693,505.8139106450935,46.94355874107964,79.64180043176312,40.1,189.6275127091357,0.4583333333333333,0.2617022268830656,,2.54,383.4194
Indonesia,2007,237062337.0,432216737774.86053,535.3528595307824,46.799141520707266,79.36813335575005,40.0,222.92637199214116,0.37175,0.172497886460482,,0.66,401.7934
Indonesia,2008,240157903.0,510228634992.25824,558.9322621625323,48.06074476901724,78.44579996122415,41.1,234.02202327674388,0.21216666666666664,0.15366838393834376,,0.37,397.2554
Indonesia,2009,243220028.0,539580085612.4014,582.7110586468644,47.65212258116211,80.5786967611829,38.2,239.60359120323827,0.5765833333333333,0.18380490487349777,,2.5,411.3491
Indonesia,2010,246305322.0,755094157621.9355,653.9566367956921,42.77586633627486,86.42892598997082,36.0,239.5533931878169,0.6921666666666666,0.2906282944855087,,0.53,443.682
Indonesia,2011,249470032.0,892969104563.1713,697.5507182361688,43.913423426713344,80.44940571730606,32.4,260.87195439948766,0.33349999999999996,0.12102306942617733,,0.93,499.9362
Indonesia,2012,252698525.0,917869913332.6486,749.7313251036982,43.59374442333764,80.54683564221247,30.1,324.10512731021635,0.44275,0.14466059415058405,,1.34,504.2572
Indonesia,2013,255852467.0,912524136718.0182,793.5002635718186,42.63567743758887,79.69931735113362,30.6,303.5337469156882,0.7760833333333333,0.22338772658516598,,0.89,474.9651
Indonesia,2014,258877399.0,890814755533.5369,836.1409718891683,41.92834212700329,81.70231145461278,29.3,334.11587108220215,0.7425833333333333,0.22488866072397293,,2.93,505.0762
Indonesia,2015,261799249.0,860854232686.2139,857.6495190786434,40.04786240425055,54.754870249572484,26.6,341.49699007327524,0.8442500000000001,0.3607818188785756,,3.58,512.3973
Indonesia,2016,264627418.0,931877364037.6975,907.7177331639914,39.30844398020808,0.0,27.8,332.6893895266236,1.3726666666666667,0.22406856589495597,,1.65,507.0965
Indonesia,2017,267346658.0,1015618744159.7339,951.0498537819763,39.37915480402372,0.0,25.2,374.4817808052955,0.9155000000000001,0.1348545512765513,,0.82,535.7474
Indonesia,2018,269951846.0,1042271532988.6317,1065.2603575824407,39.729737452384825,0.0,22.0,388.9456342382197,0.9343333333333333,0.1437830155322789,,1.96,596.4692
Indonesia,2019,272489381.0,1119099871350.1992,1107.1514012503849,38.951767995077915,0.0,19.8,304.3160405055748,1.05875,0.17423409779183108,,3.98,637.5692
Indonesia,2020,274814866.0,1059054842698.482,1119.6155596618999,38.23839371879418,0.0,21.9,336.1079860112639,1.1905,0.16236045290238224,,1.23,596.2839
Indonesia,2021,276758053.0,1186509691086.7307,1210.5844667146866,39.84481919196861,0.0,20.2,381.2299193110908,1.0305833333333334,0.1768245167453377,,0.9,622.6868
Indonesia,2022,278830529.0,1319101183380.1516,1330.9876839203644,41.42926417609789,0.0,,311.08811079962106,0.9409166666666667,0.15250926656727742,,0.95,722.6996
Indonesia,2023,281190067.0,1371169301563.6216,1445.2146348398574,40.21568231067943,0.0,,311.07198863987503,1.1794166666666668,0.2885958703600745,,5.58,772.5618
Russian Federation,1990,147969406.0,517014446227.9294,6687.727056226745,45.003570319776465,93.37899126656775,3.8,,,,222.86,0.05,2436.2695
Russian Federation,1991,148394216.0,517962962962.96295,6551.299816159951,45.86485520200215,93.35687992100392,3.8,,,,220.67,0.38,2393.5405
Russian Federation,1992,148538197.0,460290556900.7264,6113.679971489084,42.25027143608627,92.56114819858512,4.0,41.739894551845346,0.5294166666666666,1.569174063976191,236.4,0.04,2205.4651
Russian Federation,1993,148458777.0,435083713850.83716,5726.451592686904,40.52550521835461,92.39287516819745,4.0,29.728728249625593,0.7700833333333333,1.755032215199735,235.11,0.03,2012.9625
Russian Federation,1994,148407912.0,395077301248.4637,5188.213954522856,41.21529267294311,92.56321283849846,3.9,11.758109981155878,0.5495833333333334,0.8726275893657169,227.42,0.07,1814.9119
Russian Federation,1995,148375787.0,395537185734.8544,5101.553395635907,34.5391926383218,92.28516027632847,3.9,13.72549019607843,2.28175,1.8453553463131884,222.83,0.16,1768.5622
Russian Federation,1996,148160129.0,391724890744.49817,5016.444066406017,35.346704252277746,92.28398752257536,3.7,12.537294483590427,0.6929166666666666,1.1901598252849162,237.97,0.4,1727.1914
Russian Federation,1997,147915361.0,404928954191.87555,4935.619904953617,34.68922704410731,92.05140742538806,3.8,12.160105439882008,1.1369166666666666,1.6664340900224315,223.35,0.05,1607.3811
Russian Federation,1998,147670784.0,270955486862.44205,4848.027352519507,33.94402923917231,92.09763804320829,3.6,10.02124758189833,0.1759166666666667,1.3828209367288145,234.24,0.91,1613.2209
Russian Federation,1999,147214776.0,195907128350.9342,4998.825661358885,33.49620125171215,91.28740238935333,3.8,10.890178035607121,0.5978333333333333,1.4842066811001162,226.91,0.39,1660.9112
Russian Federation,2000,146596869.0,259710142196.94278,5198.405704012683,33.91897031752003,91.11102053165237,3.5,11.417177223535466,0.9393333333333334,1.6480393570003788,225.51,0.36,1681.1521
Russian Federation,2001,145976482.0,306602070620.5005,5274.363304631495,31.837354123332055,90.89618296006631,3.6,12.939609236234459,0.93825,1.1234451570207302,226.49,0.44,1684.2768
Russian Federation,2002,145306497.0,345470494417.8628,5304.415259559935,29.05639281196621,90.7264337760126,3.5,11.492900822095331,1.31975,2.0784748865855143,227.67,0.45,1675.2947
Russian Federation,2003,144648618.0,430347420184.88513,5478.130458183845,28.65313499460585,90.90480707600436,3.3,11.003516673602102,1.5888333333333333,0.9596640760645825,224.53,0.1,1737.2524
Russian Federation,2004,144067316.0,591016690732.3846,5633.845500390942,31.702222426958805,90.67398897965874,3.5,11.419776333240549,0.9977499999999999,1.1696342109822198,225.73,0.21,1738.8704
Russian Federation,2005,143518814.0,764015973481.1102,5770.100636422483,32.62923207329212,90.6824544655467,3.6,11.792644172736304,1.9019166666666667,1.1124827682810292,217.45,0.19,1739.3021
Russian Federation,2006,143049637.0,989932071352.5431,6098.533476180719,31.780260587362047,90.60676977928486,3.5,12.48071133630546,0.72375,1.5427621400699894,226.12,0.51,1776.1969
Russian Federation,2007,142805114.0,1299703478481.653,6286.049391760578,31.222040801973748,90.53764909572999,3.7,14.253129781038709,2.4541666666666666,1.696117470053953,218.03,0.89,1779.046
Russian Federation,2008,142742366.0,1660848058303.1138,6399.683749112019,30.786881700753206,90.96162444674545,3.3,15.882744617711612,2.12675,1.4961016077905047,220.55,0.47,1764.3555
Russian Federation,2009,142785348.0,1222645900055.6956,6095.380318714494,29.326939025544423,90.20404927454018,3.6,15.635064817631052,0.8410833333333333,1.1738803501161814,222.42,0.39,1662.1017
Russian Federation,2010,142849468.0,1524916715223.946,6409.894365164874,29.999588218511963,89.88945165571705,3.3,15.724502462001333,0.9530833333333333,1.454206281695352,220.43,2.49,1746.8968
Russian Federation,2011,143018195.0,2045922753398.036,6483.161111074014,29.413588837874705,91.69254756124229,3.2,16.18722718641337,1.997583333333333,1.2879981533587521,217.26,0.61,1832.6123
Russian Federation,2012,143378447.0,2208293553878.4243,6608.977986768123,29.102868072665977,92.74488818529137,3.2,15.43358350664617,1.5399166666666666,1.2190728347350248,217.07,0.65,1819.802
Russian Federation,2013,143805638.0,2292470078346.2236,6525.627319284937,28.191289179935247,92.639887836736,3.6,15.298276188049224,1.6811666666666667,1.8285735712723061,221.41,0.13,1764.2472
Russian Federation,2014,144237223.0,2059241589895.015,6583.543278561318,27.931527060609895,92.7856116984134,3.3,15.900500620638065,1.5484166666666666,1.597857547798162,225.0,0.51,1750.1989
Russian Federation,2015,144640716.0,1363482182197.7053,6563.387034118387,29.794059987434917,50.13906250571376,3.2,16.66261128328223,2.3386666666666667,1.4226576850700556,221.77,0.68,1757.1139
Russian Federation,2016,145015460.0,1276786350881.137,6683.604630844187,29.173905066920824,0.0,3.4,18.68718197436888,2.1625,1.7007672043326014,220.99,0.62,1734.6382
Russian Federation,2017,145293260.0,1574199360089.0022,6734.187119209797,30.673296885343714,0.0,3.2,20.328288765217962,2.374416666666667,1.955199071634963,226.34,0.58,1763.2401
Russian Federation,2018,145398106.0,1657328773461.3062,6873.349505666875,32.554298053084054,0.0,3.2,20.81411273417784,1.8003333333333333,1.053435358982959,221.27,0.45,1831.1328
Russian Federation,2019,145453291.0,1693115002708.3157,6902.4495293131595,32.15049583653793,0.0,3.2,22.59144752525709,2.347166666666667,1.2903683474970322,220.63,0.38,1858.002
Russian Federation,2020,145245148.0,1493075894362.1426,6770.332871979999,29.717124581429545,0.0,3.7,25.327811983657902,3.5404166666666668,2.0027881173642794,210.97,0.8,1784.1991
Russian Federation,2021,144746762.0,1829186719575.096,7186.675443558454,31.785999154859155,0.0,3.5,27.502963444006937,1.5779166666666666,1.2430577526361712,219.2,1.19,1938.4596
Russian Federation,2022,144236933.0,2291612121334.643,7184.422037038184,32.230143568513775,0.0,,28.212718559133243,2.4021666666666666,1.2720645838775466,219.62,0.44,1895.4729
Russian Federation,2023,143826130.0,2071505725030.5793,,30.408132921899757,,,28.729007225706745,2.4058333333333333,1.2822678369028664,215.91,0.77,1948.3024
United States,1990,249623000.0,5963144000000.0,11713.331704209948,,86.46400591701746,4.2,100.45578435026921,0.7355,1.0246760057045674,113.83,12.66,4983.6037
United States,1991,252981000.0,6158129000000.0,12134.172131503947,,85.7129402243362,4.5,100.83703478611314,0.7105833333333335,0.898837532439663,117.94,8.77,4939.0307
United States,1992,256514000.0,6520327000000.0,12014.958247892902,,85.59449839733215,4.8,102.86987308138056,0.25633333333333336,1.1627446218132147,117.7,6.54,5016.9879
United States,1993,259919000.0,6858559000000.0,12261.523782409135,,86.13355004024733,4.3,108.92486944526554,0.1605,0.6404005907763255,120.4,9.99,5135.577
United States,1994,263126000.0,7287236000000.0,12455.162165654478,,85.94257521416053,4.1,108.1244988357039,0.4765,0.6564428764180475,116.74,10.41,5217.8955
United States,1995,266278000.0,7639749000000.0,12659.607628117981,,85.50088500290715,4.7,108.80798348775059,0.5599166666666666,0.7142239912816022,114.21,10.64,5271.4648
United States,1996,269394000.0,8073122000000.0,12854.298907919256,,85.54141641924413,4.8,112.93845527800882,-0.010083333333333338,0.6019941110361647,126.01,9.51,5426.4743
United States,1997,272657000.0,8577554457000.0,12889.83228011751,23.13210113613156,86.4934454008247,4.5,113.83184230614206,0.40958333333333335,0.7922793550187263,120.33,6.94,5699.5176
United States,1998,275854000.0,9062818202000.0,13154.763026818535,22.670557780212217,86.12255126829575,4.5,112.33983279029776,1.3396666666666668,0.7277062517863158,110.1,14.64,5744.8765
United States,1999,279040000.0,9631174489000.0,13281.869982798165,22.55859773365591,85.81893598369297,5.7,111.76106233007982,0.72275,0.7415892983990532,114.43,9.63,5761.8713
United States,2000,282162411.0,10250947997000.0,13671.052024006132,22.451586084267987,85.89915104088033,5.4,108.6837834202962,0.8610833333333333,1.3423414529801605,121.76,15.03,5928.7614
United States,2001,284968955.0,10581929774000.0,13046.614147846385,21.46900444928241,86.38617718340251,4.7,110.09085116617311,0.9651666666666667,0.6822838892686501,117.7,11.34,5877.6294
United States,2002,287625193.0,10929112955000.0,13296.182299302272,20.65246551384005,86.2808086234009,4.8,111.88175884655185,1.015,0.8491696925036047,121.9,11.4,5726.7267
United States,2003,290107933.0,11456442041000.0,13307.492008500161,20.739476693521553,86.31084917343853,5.3,124.19373454668192,0.9282499999999999,0.5927666945491006,115.96,12.46,5792.9233
United States,2004,292805298.0,12217193198000.0,13388.58971055913,20.95003655519666,86.15756073885285,5.5,119.23219545741827,0.8875000000000001,0.8240128943165879,112.02,7.03,5879.9871
United States,2005,295516599.0,13039199193000.0,13704.577048140703,21.20626981819895,86.05262777476959,5.8,115.91132828740999,1.1105833333333333,0.5642023068506151,109.25,12.2,5888.1657
United States,2006,298379912.0,13815586948000.0,13583.266959338738,21.586961786171084,85.66259483439974,6.4,126.57939502390411,1.1350833333333334,0.9885568992503949,110.84,15.45,5790.0078
United States,2007,301231207.0,14474226905000.0,13657.452828252286,21.423882162084983,85.63845777016003,6.3,120.37525820568356,1.01525,0.6026198532242363,113.58,11.47,5872.7014
United States,2008,304093966.0,14769857911000.0,13663.427968182703,20.793507368224,85.00510714492299,6.8,99.97286196561456,0.1485,0.3702068115706859,123.81,11.24,5689.2644
United States,2009,306771529.0,14478064934000.0,12913.714688301468,19.268477298017345,84.19511991631768,7.3,118.9569043004491,0.35925,0.7150211098282344,118.41,11.77,5273.1152
United States,2010,309378227.0,15048964444000.0,13392.691011833875,19.310257239385102,84.12338681384271,7.4,124.74207436081763,0.69925,0.5856771188120635,117.8,13.89,5521.4993
United States,2011,311839461.0,15599728123000.0,13235.008766257455,19.40750234317401,83.88767367585744,8.4,130.28213724554888,0.7430833333333333,0.5485027283939029,117.54,21.09,5307.6289
United States,2012,314339099.0,16253972230000.0,12945.15703883213,19.162611316950677,83.94460296123712,8.5,134.9880674106335,1.3955833333333334,0.9511489944915162,107.34,18.87,5087.711
United States,2013,316726282.0,16843190993000.0,12972.219968786803,19.241626021737293,82.97288769928261,8.9,135.6734778616687,0.5045000000000001,0.7535034284372345,125.71,12.29,5224.7089
United States,2014,319257560.0,17550680173999.998,12962.142540962852,19.331515208317647,83.40198975206661,9.0,128.08924823705004,0.7696666666666667,0.8957181786452453,115.07,10.34,5243.772
United States,2015,321815121.0,18206020741000.0,12828.816082883812,18.587132043518306,82.32581627597875,8.9,129.18433032689603,1.561,0.8224907294310374,105.06,12.04,5132.9841
United States,2016,324353340.0,18695110842000.0,12806.197710188524,18.042221281845876,0.0,9.3,128.04003238999084,1.9915,1.0634798618999168,102.06,13.07,5028.952
United States,2017,326608609.0,19477336549000.0,12604.16255592332,18.43542408360939,0.0,9.7,127.96723573078906,1.5613333333333335,0.8534982262560492,103.52,12.11,4959.4579
United States,2018,328529577.0,20533057312000.0,13054.40453539439,18.630898243118878,0.0,9.9,130.3376845114334,1.2343333333333333,0.8038715002342656,117.18,14.4,5118.3744
United States,2019,330226227.0,21380976119000.0,12678.254050366508,18.28042804148085,0.0,10.2,130.08549137958215,1.0419166666666666,0.7060516338924671,115.18,13.75,4967.9122
United States,2020,331577720.0,21060473613000.0,12393.438256346053,17.508428484361836,0.0,11.0,134.60254128566652,1.3135000000000001,0.6897526730647734,110.51,15.15,4466.8765
United States,2021,332099760.0,23315080560000.0,12556.091579229085,17.884653361026174,0.0,10.9,130.58636163496726,1.2538333333333334,1.2213358692659262,110.26,13.46,4754.3785
United States,2022,334017321.0,25604848907611.0,12968.162809736445,,0.0,,127.80479057723083,0.9879166666666667,0.5944238749037218,120.12,19.17,4815.7665
United States,2023,336806231.0,27292170793214.4,12551.225633352371,,0.0,,127.79694842291578,1.4340833333333334,1.053586609185764,110.03,17.95,4618.2675
